/*
 Navicat Premium Data Transfer

 Source Server         : 本地
 Source Server Type    : MySQL
 Source Server Version : 80030
 Source Host           : localhost:3306
 Source Schema         : zy_blog

 Target Server Type    : MySQL
 Target Server Version : 80030
 File Encoding         : 65001

 Date: 27/04/2023 21:24:12
*/

SET NAMES utf8mb4;
SET FOREIGN_KEY_CHECKS = 0;

-- ----------------------------
-- Table structure for sys_menu
-- ----------------------------
DROP TABLE IF EXISTS `sys_menu`;
CREATE TABLE `sys_menu`  (
  `id` bigint NOT NULL AUTO_INCREMENT COMMENT '菜单ID',
  `menu_name` varchar(50) CHARACTER SET utf8mb3 COLLATE utf8mb3_general_ci NOT NULL COMMENT '菜单名称',
  `parent_id` bigint NULL DEFAULT 0 COMMENT '父菜单ID',
  `order_num` int NULL DEFAULT 0 COMMENT '显示顺序',
  `path` varchar(200) CHARACTER SET utf8mb3 COLLATE utf8mb3_general_ci NULL DEFAULT '' COMMENT '路由地址',
  `component` varchar(255) CHARACTER SET utf8mb3 COLLATE utf8mb3_general_ci NULL DEFAULT NULL COMMENT '组件路径',
  `is_frame` int NULL DEFAULT 1 COMMENT '是否为外链（0是 1否）',
  `menu_type` char(1) CHARACTER SET utf8mb3 COLLATE utf8mb3_general_ci NULL DEFAULT '' COMMENT '菜单类型（M目录 C菜单 F按钮）',
  `visible` char(1) CHARACTER SET utf8mb3 COLLATE utf8mb3_general_ci NULL DEFAULT '0' COMMENT '菜单状态（0显示 1隐藏）',
  `status` char(1) CHARACTER SET utf8mb3 COLLATE utf8mb3_general_ci NULL DEFAULT '0' COMMENT '菜单状态（0正常 1停用）',
  `perms` varchar(100) CHARACTER SET utf8mb3 COLLATE utf8mb3_general_ci NULL DEFAULT NULL COMMENT '权限标识',
  `icon` varchar(100) CHARACTER SET utf8mb3 COLLATE utf8mb3_general_ci NULL DEFAULT '#' COMMENT '菜单图标',
  `create_by` bigint NULL DEFAULT NULL COMMENT '创建者',
  `create_time` datetime NULL DEFAULT NULL COMMENT '创建时间',
  `update_by` bigint NULL DEFAULT NULL COMMENT '更新者',
  `update_time` datetime NULL DEFAULT NULL COMMENT '更新时间',
  `remark` varchar(500) CHARACTER SET utf8mb3 COLLATE utf8mb3_general_ci NULL DEFAULT '' COMMENT '备注',
  `del_flag` char(1) CHARACTER SET utf8mb3 COLLATE utf8mb3_general_ci NULL DEFAULT '0',
  PRIMARY KEY (`id`) USING BTREE
) ENGINE = InnoDB AUTO_INCREMENT = 2028 CHARACTER SET = utf8mb3 COLLATE = utf8mb3_general_ci COMMENT = '菜单权限表' ROW_FORMAT = DYNAMIC;

-- ----------------------------
-- Records of sys_menu
-- ----------------------------
INSERT INTO `sys_menu` VALUES (1, '系统管理', 0, 1, 'system', NULL, 1, 'M', '0', '0', '', 'system', 0, '2021-11-12 10:46:19', 0, NULL, '系统管理目录', '0');
INSERT INTO `sys_menu` VALUES (100, '用户管理', 1, 1, 'user', 'system/user/index', 1, 'C', '0', '0', 'system:user:list', 'user', 0, '2021-11-12 10:46:19', NULL, '2023-02-26 14:52:48', '用户管理菜单', '0');
INSERT INTO `sys_menu` VALUES (101, '角色管理', 1, 2, 'role', 'system/role/index', 1, 'C', '0', '0', 'system:role:list', 'peoples', 0, '2021-11-12 10:46:19', 0, NULL, '角色管理菜单', '0');
INSERT INTO `sys_menu` VALUES (102, '菜单管理', 1, 3, 'menu', 'system/menu/index', 1, 'C', '0', '0', 'system:menu:list', 'tree-table', 0, '2021-11-12 10:46:19', 0, NULL, '菜单管理菜单', '0');
INSERT INTO `sys_menu` VALUES (1001, '用户查询', 100, 1, '', '', 1, 'F', '0', '0', 'system:user:query', '#', 0, '2021-11-12 10:46:19', 0, NULL, '', '0');
INSERT INTO `sys_menu` VALUES (1002, '用户新增', 100, 2, '', '', 1, 'F', '0', '0', 'system:user:add', '#', 0, '2021-11-12 10:46:19', 0, NULL, '', '0');
INSERT INTO `sys_menu` VALUES (1003, '用户修改', 100, 3, '', '', 1, 'F', '0', '0', 'system:user:edit', '#', 0, '2021-11-12 10:46:19', 0, NULL, '', '0');
INSERT INTO `sys_menu` VALUES (1004, '用户删除', 100, 4, '', '', 1, 'F', '0', '0', 'system:user:remove', '#', 0, '2021-11-12 10:46:19', 0, NULL, '', '0');
INSERT INTO `sys_menu` VALUES (1005, '用户导出', 100, 5, '', '', 1, 'F', '0', '0', 'system:user:export', '#', 0, '2021-11-12 10:46:19', 0, NULL, '', '0');
INSERT INTO `sys_menu` VALUES (1006, '用户导入', 100, 6, '', '', 1, 'F', '0', '0', 'system:user:import', '#', 0, '2021-11-12 10:46:19', 0, NULL, '', '0');
INSERT INTO `sys_menu` VALUES (1007, '重置密码', 100, 7, '', '', 1, 'F', '0', '0', 'system:user:resetPwd', '#', 0, '2021-11-12 10:46:19', 0, NULL, '', '0');
INSERT INTO `sys_menu` VALUES (1008, '角色查询', 101, 1, '', '', 1, 'F', '0', '0', 'system:role:query', '#', 0, '2021-11-12 10:46:19', 0, NULL, '', '0');
INSERT INTO `sys_menu` VALUES (1009, '角色新增', 101, 2, '', '', 1, 'F', '0', '0', 'system:role:add', '#', 0, '2021-11-12 10:46:19', 0, NULL, '', '0');
INSERT INTO `sys_menu` VALUES (1010, '角色修改', 101, 3, '', '', 1, 'F', '0', '0', 'system:role:edit', '#', 0, '2021-11-12 10:46:19', 0, NULL, '', '0');
INSERT INTO `sys_menu` VALUES (1011, '角色删除', 101, 4, '', '', 1, 'F', '0', '0', 'system:role:remove', '#', 0, '2021-11-12 10:46:19', 0, NULL, '', '0');
INSERT INTO `sys_menu` VALUES (1012, '角色导出', 101, 5, '', '', 1, 'F', '0', '0', 'system:role:export', '#', 0, '2021-11-12 10:46:19', 0, NULL, '', '0');
INSERT INTO `sys_menu` VALUES (1013, '菜单查询', 102, 1, '', '', 1, 'F', '0', '0', 'system:menu:query', '#', 0, '2021-11-12 10:46:19', 0, NULL, '', '0');
INSERT INTO `sys_menu` VALUES (1014, '菜单新增', 102, 2, '', '', 1, 'F', '0', '0', 'system:menu:add', '#', 0, '2021-11-12 10:46:19', 0, NULL, '', '0');
INSERT INTO `sys_menu` VALUES (1015, '菜单修改', 102, 3, '', '', 1, 'F', '0', '0', 'system:menu:edit', '#', 0, '2021-11-12 10:46:19', 0, NULL, '', '0');
INSERT INTO `sys_menu` VALUES (1016, '菜单删除', 102, 4, '', '', 1, 'F', '0', '0', 'system:menu:remove', '#', 0, '2021-11-12 10:46:19', 0, NULL, '', '0');
INSERT INTO `sys_menu` VALUES (2017, '内容管理', 0, 4, 'content', NULL, 1, 'M', '0', '0', NULL, 'table', NULL, '2022-01-08 02:44:38', 1, '2022-07-31 12:34:23', '', '0');
INSERT INTO `sys_menu` VALUES (2018, '分类管理', 2017, 1, 'category', 'content/category/index', 1, 'C', '0', '0', 'content:category:list', 'example', NULL, '2022-01-08 02:51:45', NULL, '2022-01-08 02:51:45', '', '0');
INSERT INTO `sys_menu` VALUES (2019, '文章管理', 2017, 0, 'article', 'content/article/index', 1, 'C', '0', '0', 'content:article:list', 'build', NULL, '2022-01-08 02:53:10', NULL, '2022-01-08 02:53:10', '', '0');
INSERT INTO `sys_menu` VALUES (2021, '标签管理', 2017, 6, 'tag', 'content/tag/index', 1, 'C', '0', '0', 'content:tag:index', 'button', NULL, '2022-01-08 02:55:37', NULL, '2022-01-08 02:55:50', '', '0');
INSERT INTO `sys_menu` VALUES (2022, '友链管理', 2017, 4, 'link', 'content/link/index', 1, 'C', '0', '0', 'content:link:list', '404', NULL, '2022-01-08 02:56:50', NULL, '2022-01-08 02:56:50', '', '0');
INSERT INTO `sys_menu` VALUES (2023, '写博文', 0, 0, 'write', 'content/article/write/index', 1, 'C', '0', '0', 'content:article:writer', 'build', NULL, '2022-01-08 03:39:58', 1, '2022-07-31 22:07:05', '', '0');
INSERT INTO `sys_menu` VALUES (2024, '友链新增', 2022, 0, '', NULL, 1, 'F', '0', '0', 'content:link:add', '#', NULL, '2022-01-16 07:59:17', NULL, '2022-01-16 07:59:17', '', '0');
INSERT INTO `sys_menu` VALUES (2025, '友链修改', 2022, 1, '', NULL, 1, 'F', '0', '0', 'content:link:edit', '#', NULL, '2022-01-16 07:59:44', NULL, '2022-01-16 07:59:44', '', '0');
INSERT INTO `sys_menu` VALUES (2026, '友链删除', 2022, 1, '', NULL, 1, 'F', '0', '0', 'content:link:remove', '#', NULL, '2022-01-16 08:00:05', NULL, '2022-01-16 08:00:05', '', '0');
INSERT INTO `sys_menu` VALUES (2027, '友链查询', 2022, 2, '', NULL, 1, 'F', '0', '0', 'content:link:query', '#', NULL, '2022-01-16 08:04:09', NULL, '2022-01-16 08:04:09', '', '0');
INSERT INTO `sys_menu` VALUES (2028, '导出分类', 2018, 1, '', NULL, 1, 'F', '0', '0', 'content:category:export', '#', NULL, '2022-01-21 07:06:59', NULL, '2022-01-21 07:06:59', '', '0');

-- ----------------------------
-- Table structure for sys_role
-- ----------------------------
DROP TABLE IF EXISTS `sys_role`;
CREATE TABLE `sys_role`  (
  `id` bigint NOT NULL AUTO_INCREMENT COMMENT '角色ID',
  `role_name` varchar(30) CHARACTER SET utf8mb3 COLLATE utf8mb3_general_ci NOT NULL COMMENT '角色名称',
  `role_key` varchar(100) CHARACTER SET utf8mb3 COLLATE utf8mb3_general_ci NOT NULL COMMENT '角色权限字符串',
  `role_sort` int NOT NULL COMMENT '显示顺序',
  `status` char(1) CHARACTER SET utf8mb3 COLLATE utf8mb3_general_ci NOT NULL COMMENT '角色状态（0正常 1停用）',
  `del_flag` char(1) CHARACTER SET utf8mb3 COLLATE utf8mb3_general_ci NULL DEFAULT '0' COMMENT '删除标志（0代表存在 1代表删除）',
  `create_by` bigint NULL DEFAULT NULL COMMENT '创建者',
  `create_time` datetime NULL DEFAULT NULL COMMENT '创建时间',
  `update_by` bigint NULL DEFAULT NULL COMMENT '更新者',
  `update_time` datetime NULL DEFAULT NULL COMMENT '更新时间',
  `remark` varchar(500) CHARACTER SET utf8mb3 COLLATE utf8mb3_general_ci NULL DEFAULT NULL COMMENT '备注',
  PRIMARY KEY (`id`) USING BTREE
) ENGINE = InnoDB AUTO_INCREMENT = 14 CHARACTER SET = utf8mb3 COLLATE = utf8mb3_general_ci COMMENT = '角色信息表' ROW_FORMAT = DYNAMIC;

-- ----------------------------
-- Records of sys_role
-- ----------------------------
INSERT INTO `sys_role` VALUES (1, '超级管理员(假)', 'admin', 1, '0', '0', 0, '2021-11-12 10:46:19', 0, NULL, '超级管理员');
INSERT INTO `sys_role` VALUES (2, '普通角色', 'common', 2, '0', '0', 0, '2021-11-12 10:46:19', 0, '2022-01-01 22:32:58', '普通角色');
INSERT INTO `sys_role` VALUES (11, '测试', 'ggg', 5, '0', '0', NULL, '2022-01-06 14:07:40', NULL, '2022-01-07 03:48:48', '嘎嘎嘎');
INSERT INTO `sys_role` VALUES (12, '友链审核员', 'link', 1, '0', '0', NULL, '2022-01-16 06:49:30', NULL, '2022-01-16 08:05:09', NULL);
INSERT INTO `sys_role` VALUES (13, '奥特曼', 'root', 1, '0', '1', NULL, NULL, NULL, NULL, '给中国');
INSERT INTO `sys_role` VALUES (14, '测试2', 'cs', 2, '0', '1', NULL, NULL, NULL, NULL, NULL);

-- ----------------------------
-- Table structure for sys_role_menu
-- ----------------------------
DROP TABLE IF EXISTS `sys_role_menu`;
CREATE TABLE `sys_role_menu`  (
  `role_id` bigint NOT NULL COMMENT '角色ID',
  `menu_id` bigint NOT NULL COMMENT '菜单ID',
  PRIMARY KEY (`role_id`, `menu_id`) USING BTREE
) ENGINE = InnoDB CHARACTER SET = utf8mb3 COLLATE = utf8mb3_general_ci COMMENT = '角色和菜单关联表' ROW_FORMAT = DYNAMIC;

-- ----------------------------
-- Records of sys_role_menu
-- ----------------------------
INSERT INTO `sys_role_menu` VALUES (0, 0);
INSERT INTO `sys_role_menu` VALUES (1, 1);
INSERT INTO `sys_role_menu` VALUES (1, 100);
INSERT INTO `sys_role_menu` VALUES (1, 101);
INSERT INTO `sys_role_menu` VALUES (1, 102);
INSERT INTO `sys_role_menu` VALUES (1, 1001);
INSERT INTO `sys_role_menu` VALUES (1, 1002);
INSERT INTO `sys_role_menu` VALUES (1, 1003);
INSERT INTO `sys_role_menu` VALUES (1, 1005);
INSERT INTO `sys_role_menu` VALUES (1, 1006);
INSERT INTO `sys_role_menu` VALUES (1, 1007);
INSERT INTO `sys_role_menu` VALUES (1, 1008);
INSERT INTO `sys_role_menu` VALUES (1, 1009);
INSERT INTO `sys_role_menu` VALUES (1, 1010);
INSERT INTO `sys_role_menu` VALUES (1, 1012);
INSERT INTO `sys_role_menu` VALUES (1, 1013);
INSERT INTO `sys_role_menu` VALUES (1, 1014);
INSERT INTO `sys_role_menu` VALUES (1, 1015);
INSERT INTO `sys_role_menu` VALUES (1, 1016);
INSERT INTO `sys_role_menu` VALUES (1, 2017);
INSERT INTO `sys_role_menu` VALUES (1, 2018);
INSERT INTO `sys_role_menu` VALUES (1, 2019);
INSERT INTO `sys_role_menu` VALUES (1, 2021);
INSERT INTO `sys_role_menu` VALUES (1, 2022);
INSERT INTO `sys_role_menu` VALUES (1, 2024);
INSERT INTO `sys_role_menu` VALUES (1, 2025);
INSERT INTO `sys_role_menu` VALUES (1, 2027);
INSERT INTO `sys_role_menu` VALUES (1, 2028);
INSERT INTO `sys_role_menu` VALUES (2, 1);
INSERT INTO `sys_role_menu` VALUES (2, 102);
INSERT INTO `sys_role_menu` VALUES (2, 1013);
INSERT INTO `sys_role_menu` VALUES (2, 1014);
INSERT INTO `sys_role_menu` VALUES (2, 1015);
INSERT INTO `sys_role_menu` VALUES (2, 1016);
INSERT INTO `sys_role_menu` VALUES (2, 2000);
INSERT INTO `sys_role_menu` VALUES (3, 2);
INSERT INTO `sys_role_menu` VALUES (3, 3);
INSERT INTO `sys_role_menu` VALUES (3, 4);
INSERT INTO `sys_role_menu` VALUES (3, 100);
INSERT INTO `sys_role_menu` VALUES (3, 101);
INSERT INTO `sys_role_menu` VALUES (3, 103);
INSERT INTO `sys_role_menu` VALUES (3, 104);
INSERT INTO `sys_role_menu` VALUES (3, 105);
INSERT INTO `sys_role_menu` VALUES (3, 106);
INSERT INTO `sys_role_menu` VALUES (3, 107);
INSERT INTO `sys_role_menu` VALUES (3, 108);
INSERT INTO `sys_role_menu` VALUES (3, 109);
INSERT INTO `sys_role_menu` VALUES (3, 110);
INSERT INTO `sys_role_menu` VALUES (3, 111);
INSERT INTO `sys_role_menu` VALUES (3, 112);
INSERT INTO `sys_role_menu` VALUES (3, 113);
INSERT INTO `sys_role_menu` VALUES (3, 114);
INSERT INTO `sys_role_menu` VALUES (3, 115);
INSERT INTO `sys_role_menu` VALUES (3, 116);
INSERT INTO `sys_role_menu` VALUES (3, 500);
INSERT INTO `sys_role_menu` VALUES (3, 501);
INSERT INTO `sys_role_menu` VALUES (3, 1001);
INSERT INTO `sys_role_menu` VALUES (3, 1002);
INSERT INTO `sys_role_menu` VALUES (3, 1003);
INSERT INTO `sys_role_menu` VALUES (3, 1004);
INSERT INTO `sys_role_menu` VALUES (3, 1005);
INSERT INTO `sys_role_menu` VALUES (3, 1006);
INSERT INTO `sys_role_menu` VALUES (3, 1007);
INSERT INTO `sys_role_menu` VALUES (3, 1008);
INSERT INTO `sys_role_menu` VALUES (3, 1009);
INSERT INTO `sys_role_menu` VALUES (3, 1010);
INSERT INTO `sys_role_menu` VALUES (3, 1011);
INSERT INTO `sys_role_menu` VALUES (3, 1012);
INSERT INTO `sys_role_menu` VALUES (3, 1017);
INSERT INTO `sys_role_menu` VALUES (3, 1018);
INSERT INTO `sys_role_menu` VALUES (3, 1019);
INSERT INTO `sys_role_menu` VALUES (3, 1020);
INSERT INTO `sys_role_menu` VALUES (3, 1021);
INSERT INTO `sys_role_menu` VALUES (3, 1022);
INSERT INTO `sys_role_menu` VALUES (3, 1023);
INSERT INTO `sys_role_menu` VALUES (3, 1024);
INSERT INTO `sys_role_menu` VALUES (3, 1025);
INSERT INTO `sys_role_menu` VALUES (3, 1026);
INSERT INTO `sys_role_menu` VALUES (3, 1027);
INSERT INTO `sys_role_menu` VALUES (3, 1028);
INSERT INTO `sys_role_menu` VALUES (3, 1029);
INSERT INTO `sys_role_menu` VALUES (3, 1030);
INSERT INTO `sys_role_menu` VALUES (3, 1031);
INSERT INTO `sys_role_menu` VALUES (3, 1032);
INSERT INTO `sys_role_menu` VALUES (3, 1033);
INSERT INTO `sys_role_menu` VALUES (3, 1034);
INSERT INTO `sys_role_menu` VALUES (3, 1035);
INSERT INTO `sys_role_menu` VALUES (3, 1036);
INSERT INTO `sys_role_menu` VALUES (3, 1037);
INSERT INTO `sys_role_menu` VALUES (3, 1038);
INSERT INTO `sys_role_menu` VALUES (3, 1039);
INSERT INTO `sys_role_menu` VALUES (3, 1040);
INSERT INTO `sys_role_menu` VALUES (3, 1041);
INSERT INTO `sys_role_menu` VALUES (3, 1042);
INSERT INTO `sys_role_menu` VALUES (3, 1043);
INSERT INTO `sys_role_menu` VALUES (3, 1044);
INSERT INTO `sys_role_menu` VALUES (3, 1045);
INSERT INTO `sys_role_menu` VALUES (3, 1046);
INSERT INTO `sys_role_menu` VALUES (3, 1047);
INSERT INTO `sys_role_menu` VALUES (3, 1048);
INSERT INTO `sys_role_menu` VALUES (3, 1049);
INSERT INTO `sys_role_menu` VALUES (3, 1050);
INSERT INTO `sys_role_menu` VALUES (3, 1051);
INSERT INTO `sys_role_menu` VALUES (3, 1052);
INSERT INTO `sys_role_menu` VALUES (3, 1053);
INSERT INTO `sys_role_menu` VALUES (3, 1054);
INSERT INTO `sys_role_menu` VALUES (3, 1055);
INSERT INTO `sys_role_menu` VALUES (3, 1056);
INSERT INTO `sys_role_menu` VALUES (3, 1057);
INSERT INTO `sys_role_menu` VALUES (3, 1058);
INSERT INTO `sys_role_menu` VALUES (3, 1059);
INSERT INTO `sys_role_menu` VALUES (3, 1060);
INSERT INTO `sys_role_menu` VALUES (3, 2000);
INSERT INTO `sys_role_menu` VALUES (11, 1);
INSERT INTO `sys_role_menu` VALUES (11, 100);
INSERT INTO `sys_role_menu` VALUES (11, 101);
INSERT INTO `sys_role_menu` VALUES (11, 102);
INSERT INTO `sys_role_menu` VALUES (11, 1001);
INSERT INTO `sys_role_menu` VALUES (11, 1002);
INSERT INTO `sys_role_menu` VALUES (11, 1003);
INSERT INTO `sys_role_menu` VALUES (11, 1004);
INSERT INTO `sys_role_menu` VALUES (11, 1005);
INSERT INTO `sys_role_menu` VALUES (11, 1006);
INSERT INTO `sys_role_menu` VALUES (11, 1007);
INSERT INTO `sys_role_menu` VALUES (11, 1008);
INSERT INTO `sys_role_menu` VALUES (11, 1009);
INSERT INTO `sys_role_menu` VALUES (11, 1010);
INSERT INTO `sys_role_menu` VALUES (11, 1011);
INSERT INTO `sys_role_menu` VALUES (11, 1012);
INSERT INTO `sys_role_menu` VALUES (11, 1013);
INSERT INTO `sys_role_menu` VALUES (11, 1014);
INSERT INTO `sys_role_menu` VALUES (11, 1015);
INSERT INTO `sys_role_menu` VALUES (11, 1016);
INSERT INTO `sys_role_menu` VALUES (12, 2017);
INSERT INTO `sys_role_menu` VALUES (12, 2022);
INSERT INTO `sys_role_menu` VALUES (12, 2024);
INSERT INTO `sys_role_menu` VALUES (12, 2025);
INSERT INTO `sys_role_menu` VALUES (12, 2026);
INSERT INTO `sys_role_menu` VALUES (12, 2027);
INSERT INTO `sys_role_menu` VALUES (13, 2017);
INSERT INTO `sys_role_menu` VALUES (13, 2021);
INSERT INTO `sys_role_menu` VALUES (13, 2022);
INSERT INTO `sys_role_menu` VALUES (13, 2024);
INSERT INTO `sys_role_menu` VALUES (13, 2027);
INSERT INTO `sys_role_menu` VALUES (14, 2017);
INSERT INTO `sys_role_menu` VALUES (14, 2022);

-- ----------------------------
-- Table structure for sys_user_role
-- ----------------------------
DROP TABLE IF EXISTS `sys_user_role`;
CREATE TABLE `sys_user_role`  (
  `user_id` bigint NOT NULL COMMENT '用户ID',
  `role_id` bigint NOT NULL COMMENT '角色ID',
  PRIMARY KEY (`user_id`, `role_id`) USING BTREE
) ENGINE = InnoDB CHARACTER SET = utf8mb3 COLLATE = utf8mb3_general_ci COMMENT = '用户和角色关联表' ROW_FORMAT = DYNAMIC;

-- ----------------------------
-- Records of sys_user_role
-- ----------------------------

-- ----------------------------
-- Table structure for zy_article
-- ----------------------------
DROP TABLE IF EXISTS `zy_article`;
CREATE TABLE `zy_article`  (
  `id` bigint NOT NULL AUTO_INCREMENT,
  `title` varchar(256) CHARACTER SET utf8mb4 COLLATE utf8mb4_general_ci NULL DEFAULT NULL COMMENT '标题',
  `content` longtext CHARACTER SET utf8mb4 COLLATE utf8mb4_general_ci NULL COMMENT '文章内容',
  `summary` varchar(1024) CHARACTER SET utf8mb4 COLLATE utf8mb4_general_ci NULL DEFAULT NULL COMMENT '文章摘要',
  `category_id` bigint NULL DEFAULT NULL COMMENT '所属分类id',
  `thumbnail` varchar(256) CHARACTER SET utf8mb4 COLLATE utf8mb4_general_ci NULL DEFAULT NULL COMMENT '缩略图',
  `is_top` char(1) CHARACTER SET utf8mb4 COLLATE utf8mb4_general_ci NULL DEFAULT '0' COMMENT '是否置顶（0否，1是）',
  `status` char(1) CHARACTER SET utf8mb4 COLLATE utf8mb4_general_ci NULL DEFAULT '1' COMMENT '状态（0已发布，1草稿）',
  `view_count` bigint NULL DEFAULT 0 COMMENT '访问量',
  `is_comment` char(1) CHARACTER SET utf8mb4 COLLATE utf8mb4_general_ci NULL DEFAULT '1' COMMENT '是否允许评论 1是，0否',
  `create_by` bigint NULL DEFAULT NULL,
  `create_time` datetime NULL DEFAULT NULL,
  `update_by` bigint NULL DEFAULT NULL,
  `update_time` datetime NULL DEFAULT NULL,
  `del_flag` int NULL DEFAULT 0 COMMENT '删除标志（0代表未删除，1代表已删除）',
  PRIMARY KEY (`id`) USING BTREE
) ENGINE = InnoDB AUTO_INCREMENT = 23 CHARACTER SET = utf8mb4 COLLATE = utf8mb4_general_ci COMMENT = '文章表' ROW_FORMAT = DYNAMIC;

-- ----------------------------
-- Records of zy_article
-- ----------------------------
INSERT INTO `zy_article` VALUES (18, '测试', '```java\n\nh\n\n```\n', '测试', 1, 'http://rqiojt6a0.hn-bkt.clouddn.com/2023/02/28/d272a662676c42ad9c3c964a00869384.png', '1', '0', 22, '1', 1, '2023-02-28 23:11:22', NULL, '2023-03-04 16:38:43', 0);
INSERT INTO `zy_article` VALUES (21, '测试', '', '测试', 15, '', '0', '0', 0, '0', 1, '2023-03-04 18:43:02', NULL, '2023-03-04 18:43:14', 0);

-- ----------------------------
-- Table structure for zy_article_tag
-- ----------------------------
DROP TABLE IF EXISTS `zy_article_tag`;
CREATE TABLE `zy_article_tag`  (
  `article_id` bigint NOT NULL AUTO_INCREMENT COMMENT '文章id',
  `tag_id` bigint NOT NULL DEFAULT 0 COMMENT '标签id',
  PRIMARY KEY (`article_id`, `tag_id`) USING BTREE
) ENGINE = InnoDB AUTO_INCREMENT = 23 CHARACTER SET = utf8mb4 COLLATE = utf8mb4_general_ci COMMENT = '文章标签关联表' ROW_FORMAT = DYNAMIC;

-- ----------------------------
-- Records of zy_article_tag
-- ----------------------------
INSERT INTO `zy_article_tag` VALUES (1, 4);
INSERT INTO `zy_article_tag` VALUES (2, 1);
INSERT INTO `zy_article_tag` VALUES (2, 4);
INSERT INTO `zy_article_tag` VALUES (3, 4);
INSERT INTO `zy_article_tag` VALUES (3, 5);
INSERT INTO `zy_article_tag` VALUES (8, 4);
INSERT INTO `zy_article_tag` VALUES (8, 5);
INSERT INTO `zy_article_tag` VALUES (9, 6);
INSERT INTO `zy_article_tag` VALUES (10, 4);
INSERT INTO `zy_article_tag` VALUES (11, 6);
INSERT INTO `zy_article_tag` VALUES (13, 4);
INSERT INTO `zy_article_tag` VALUES (14, 6);
INSERT INTO `zy_article_tag` VALUES (15, 1);
INSERT INTO `zy_article_tag` VALUES (16, 1);
INSERT INTO `zy_article_tag` VALUES (18, 4);
INSERT INTO `zy_article_tag` VALUES (19, 1);
INSERT INTO `zy_article_tag` VALUES (19, 7);
INSERT INTO `zy_article_tag` VALUES (20, 9);
INSERT INTO `zy_article_tag` VALUES (21, 7);
INSERT INTO `zy_article_tag` VALUES (22, 1);
INSERT INTO `zy_article_tag` VALUES (23, 9);

-- ----------------------------
-- Table structure for zy_category
-- ----------------------------
DROP TABLE IF EXISTS `zy_category`;
CREATE TABLE `zy_category`  (
  `id` bigint NOT NULL AUTO_INCREMENT,
  `name` varchar(128) CHARACTER SET utf8mb4 COLLATE utf8mb4_general_ci NULL DEFAULT NULL COMMENT '分类名',
  `pid` bigint NULL DEFAULT -1 COMMENT '父分类id，如果没有父分类为-1',
  `description` varchar(512) CHARACTER SET utf8mb4 COLLATE utf8mb4_general_ci NULL DEFAULT NULL COMMENT '描述',
  `status` char(1) CHARACTER SET utf8mb4 COLLATE utf8mb4_general_ci NULL DEFAULT '0' COMMENT '状态0:正常,1禁用',
  `create_by` bigint NULL DEFAULT NULL,
  `create_time` datetime NULL DEFAULT NULL,
  `update_by` bigint NULL DEFAULT NULL,
  `update_time` datetime NULL DEFAULT NULL,
  `del_flag` int NULL DEFAULT 0 COMMENT '删除标志（0代表未删除，1代表已删除）',
  PRIMARY KEY (`id`) USING BTREE
) ENGINE = InnoDB AUTO_INCREMENT = 18 CHARACTER SET = utf8mb4 COLLATE = utf8mb4_general_ci COMMENT = '分类表' ROW_FORMAT = DYNAMIC;

-- ----------------------------
-- Records of zy_category
-- ----------------------------
INSERT INTO `zy_category` VALUES (1, 'java', -1, 'java天下第一', '0', NULL, NULL, NULL, NULL, 0);
INSERT INTO `zy_category` VALUES (2, 'PHP', -1, 'wsd', '0', NULL, NULL, NULL, NULL, 1);
INSERT INTO `zy_category` VALUES (15, 'C', -1, 'c语言天下第一', '0', NULL, NULL, NULL, NULL, 0);
INSERT INTO `zy_category` VALUES (16, '算法题', -1, NULL, '0', NULL, NULL, NULL, NULL, 0);
INSERT INTO `zy_category` VALUES (17, '日常', -1, NULL, '0', NULL, NULL, NULL, NULL, 0);
INSERT INTO `zy_category` VALUES (18, '面试题', -1, NULL, '0', NULL, NULL, NULL, NULL, 0);

-- ----------------------------
-- Table structure for zy_comment
-- ----------------------------
DROP TABLE IF EXISTS `zy_comment`;
CREATE TABLE `zy_comment`  (
  `id` bigint NOT NULL AUTO_INCREMENT,
  `type` char(1) CHARACTER SET utf8mb4 COLLATE utf8mb4_general_ci NULL DEFAULT '0' COMMENT '评论类型（0代表文章评论，1代表友链评论）',
  `article_id` bigint NULL DEFAULT NULL COMMENT '文章id',
  `root_id` bigint NULL DEFAULT -1 COMMENT '根评论id',
  `content` varchar(512) CHARACTER SET utf8mb4 COLLATE utf8mb4_general_ci NULL DEFAULT NULL COMMENT '评论内容',
  `to_comment_user_id` bigint NULL DEFAULT -1 COMMENT '所回复的目标评论的userid',
  `to_comment_id` bigint NULL DEFAULT -1 COMMENT '回复目标评论id',
  `create_by` bigint NULL DEFAULT NULL,
  `create_time` datetime NULL DEFAULT NULL,
  `update_by` bigint NULL DEFAULT NULL,
  `update_time` datetime NULL DEFAULT NULL,
  `del_flag` int NULL DEFAULT 0 COMMENT '删除标志（0代表未删除，1代表已删除）',
  PRIMARY KEY (`id`) USING BTREE
) ENGINE = InnoDB AUTO_INCREMENT = 125 CHARACTER SET = utf8mb4 COLLATE = utf8mb4_general_ci COMMENT = '评论表' ROW_FORMAT = DYNAMIC;

-- ----------------------------
-- Records of zy_comment
-- ----------------------------

-- ----------------------------
-- Table structure for zy_link
-- ----------------------------
DROP TABLE IF EXISTS `zy_link`;
CREATE TABLE `zy_link`  (
  `id` bigint NOT NULL AUTO_INCREMENT,
  `name` varchar(256) CHARACTER SET utf8mb4 COLLATE utf8mb4_general_ci NULL DEFAULT NULL,
  `logo` varchar(256) CHARACTER SET utf8mb4 COLLATE utf8mb4_general_ci NULL DEFAULT NULL,
  `description` varchar(512) CHARACTER SET utf8mb4 COLLATE utf8mb4_general_ci NULL DEFAULT NULL,
  `address` varchar(128) CHARACTER SET utf8mb4 COLLATE utf8mb4_general_ci NULL DEFAULT NULL COMMENT '网站地址',
  `status` char(1) CHARACTER SET utf8mb4 COLLATE utf8mb4_general_ci NULL DEFAULT '2' COMMENT '审核状态 (0代表审核通过，1代表审核未通过，2代表未审核)',
  `create_by` bigint NULL DEFAULT NULL,
  `create_time` datetime NULL DEFAULT NULL,
  `update_by` bigint NULL DEFAULT NULL,
  `update_time` datetime NULL DEFAULT NULL,
  `del_flag` int NULL DEFAULT 0 COMMENT '删除标志（0代表未删除，1代表已删除）',
  PRIMARY KEY (`id`) USING BTREE
) ENGINE = InnoDB AUTO_INCREMENT = 5 CHARACTER SET = utf8mb4 COLLATE = utf8mb4_general_ci COMMENT = '友链' ROW_FORMAT = DYNAMIC;

-- ----------------------------
-- Records of zy_link
-- ----------------------------
INSERT INTO `zy_link` VALUES (1, 'sda', 'https://gimg2.baidu.com/image_search/src=http%3A%2F%2Fn1.itc.cn%2Fimg8%2Fwb%2Frecom%2F2016%2F05%2F10%2F146286696706220328.PNG&refer=http%3A%2F%2Fn1.itc.cn&app=2002&size=f9999,10000&q=a80&n=0&g=0n&fmt=jpeg?sec=1646205529&t=f942665181eb9b0685db7a6f59d59975', 'sda', 'https://www.baidu.com', '0', NULL, '2022-01-13 08:25:47', NULL, '2022-01-13 08:36:14', 0);
INSERT INTO `zy_link` VALUES (2, 'sda', 'https://gimg2.baidu.com/image_search/src=http%3A%2F%2Fn1.itc.cn%2Fimg8%2Fwb%2Frecom%2F2016%2F05%2F10%2F146286696706220328.PNG&refer=http%3A%2F%2Fn1.itc.cn&app=2002&size=f9999,10000&q=a80&n=0&g=0n&fmt=jpeg?sec=1646205529&t=f942665181eb9b0685db7a6f59d59975', 'dada', 'https://www.qq.com', '0', NULL, '2022-01-13 09:06:10', NULL, '2022-01-13 09:07:09', 0);
INSERT INTO `zy_link` VALUES (3, 'sa', 'https://gimg2.baidu.com/image_search/src=http%3A%2F%2Fn1.itc.cn%2Fimg8%2Fwb%2Frecom%2F2016%2F05%2F10%2F146286696706220328.PNG&refer=http%3A%2F%2Fn1.itc.cn&app=2002&size=f9999,10000&q=a80&n=0&g=0n&fmt=jpeg?sec=1646205529&t=f942665181eb9b0685db7a6f59d59975', 'da', 'https://www.taobao.com', '0', NULL, '2022-01-13 09:23:01', NULL, '2022-01-13 09:23:01', 1);
INSERT INTO `zy_link` VALUES (4, '百度', NULL, 'sda', 'jjhjhjh', '2', NULL, NULL, NULL, NULL, 1);
INSERT INTO `zy_link` VALUES (5, '士大夫但是', NULL, '方法', NULL, '2', NULL, NULL, NULL, NULL, 1);

-- ----------------------------
-- Table structure for zy_tag
-- ----------------------------
DROP TABLE IF EXISTS `zy_tag`;
CREATE TABLE `zy_tag`  (
  `id` bigint NOT NULL AUTO_INCREMENT,
  `name` varchar(128) CHARACTER SET utf8mb4 COLLATE utf8mb4_general_ci NULL DEFAULT NULL COMMENT '标签名',
  `create_by` bigint NULL DEFAULT NULL,
  `create_time` datetime NULL DEFAULT NULL,
  `update_by` bigint NULL DEFAULT NULL,
  `update_time` datetime NULL DEFAULT NULL,
  `del_flag` int NULL DEFAULT 0 COMMENT '删除标志（0代表未删除，1代表已删除）',
  `remark` varchar(500) CHARACTER SET utf8mb4 COLLATE utf8mb4_general_ci NULL DEFAULT NULL COMMENT '备注',
  PRIMARY KEY (`id`) USING BTREE
) ENGINE = InnoDB AUTO_INCREMENT = 9 CHARACTER SET = utf8mb4 COLLATE = utf8mb4_general_ci COMMENT = '标签' ROW_FORMAT = DYNAMIC;

-- ----------------------------
-- Records of zy_tag
-- ----------------------------
INSERT INTO `zy_tag` VALUES (1, 'Mybatis', NULL, NULL, NULL, '2022-01-11 09:20:50', 0, 'weqwe');
INSERT INTO `zy_tag` VALUES (2, 'asdas', NULL, '2022-01-11 09:20:55', NULL, '2022-01-11 09:20:55', 1, 'weqw');
INSERT INTO `zy_tag` VALUES (3, 'weqw', NULL, '2022-01-11 09:21:07', NULL, '2022-01-11 09:21:07', 1, 'qweqwe');
INSERT INTO `zy_tag` VALUES (4, 'Java', NULL, '2022-01-13 15:22:43', NULL, '2022-01-13 15:22:43', 1, 'sdad');
INSERT INTO `zy_tag` VALUES (5, 'python', NULL, '2022-01-13 15:22:47', NULL, '2023-02-25 16:00:19', 1, '全世界最好的语言');
INSERT INTO `zy_tag` VALUES (6, 'php', 1, '2023-02-25 15:21:52', NULL, '2023-02-25 16:00:39', 1, '开发最快');
INSERT INTO `zy_tag` VALUES (7, '注解', 1, '2023-03-01 23:36:26', 1, '2023-03-01 23:36:26', 0, NULL);
INSERT INTO `zy_tag` VALUES (8, '注解', 1, '2023-03-01 23:36:27', 1, '2023-03-01 23:36:27', 1, NULL);
INSERT INTO `zy_tag` VALUES (9, '学习笔记', 1, '2023-03-04 13:37:22', 1, '2023-03-04 13:37:22', 0, NULL);

-- ----------------------------
-- Table structure for zy_user
-- ----------------------------
DROP TABLE IF EXISTS `zy_user`;
CREATE TABLE `zy_user`  (
  `id` bigint NOT NULL AUTO_INCREMENT COMMENT '主键',
  `user_name` varchar(64) CHARACTER SET utf8mb4 COLLATE utf8mb4_general_ci NOT NULL DEFAULT 'NULL' COMMENT '用户名',
  `nick_name` varchar(64) CHARACTER SET utf8mb4 COLLATE utf8mb4_general_ci NOT NULL DEFAULT 'NULL' COMMENT '昵称',
  `password` varchar(64) CHARACTER SET utf8mb4 COLLATE utf8mb4_general_ci NOT NULL DEFAULT 'NULL' COMMENT '密码',
  `type` char(1) CHARACTER SET utf8mb4 COLLATE utf8mb4_general_ci NULL DEFAULT '0' COMMENT '用户类型：0代表普通用户，1代表管理员',
  `status` char(1) CHARACTER SET utf8mb4 COLLATE utf8mb4_general_ci NULL DEFAULT '0' COMMENT '账号状态（0正常 1停用）',
  `email` varchar(64) CHARACTER SET utf8mb4 COLLATE utf8mb4_general_ci NULL DEFAULT NULL COMMENT '邮箱',
  `phonenumber` varchar(32) CHARACTER SET utf8mb4 COLLATE utf8mb4_general_ci NULL DEFAULT NULL COMMENT '手机号',
  `sex` char(1) CHARACTER SET utf8mb4 COLLATE utf8mb4_general_ci NULL DEFAULT NULL COMMENT '用户性别（0男，1女，2未知）',
  `avatar` varchar(128) CHARACTER SET utf8mb4 COLLATE utf8mb4_general_ci NULL DEFAULT NULL COMMENT '头像',
  `create_by` bigint NULL DEFAULT NULL COMMENT '创建人的用户id',
  `create_time` datetime NULL DEFAULT NULL COMMENT '创建时间',
  `update_by` bigint NULL DEFAULT NULL COMMENT '更新人',
  `update_time` datetime NULL DEFAULT NULL COMMENT '更新时间',
  `del_flag` int NULL DEFAULT 0 COMMENT '删除标志（0代表未删除，1代表已删除）',
  PRIMARY KEY (`id`) USING BTREE
) ENGINE = InnoDB AUTO_INCREMENT = 14787164048670 CHARACTER SET = utf8mb4 COLLATE = utf8mb4_general_ci COMMENT = '用户表' ROW_FORMAT = DYNAMIC;

-- ----------------------------
-- Records of zy_user
-- ----------------------------
INSERT INTO `zy_user` VALUES (1, 'test', 'test', '$2a$10$ofQiHsvzmFDI3qtiUMTgB.m.ZFDNkxA8TJyXYjzWCvT52WINz7IB6', '0', '0', '2155354@qq.com', '17611111112', '0', 'http://rqiojt6a0.hn-bkt.clouddn.com/2023/03/08/98c100f714294f5aa13556de97d9e52a.png', NULL, NULL, NULL, NULL, 0);

SET FOREIGN_KEY_CHECKS = 1;
